koridor,koridor_no,rute_koridor,nama_halte,lokasi_halte,dibangun_tahun,keterangan,lat,long
Koridor 1,1,Blok M - Kota,TERMINAL BLOK M,TERMINAL BLOK M,2003,PELICAN,-6.2433002,106.7932914
Koridor 1,1,Blok M - Kota,MESJID AL-AZHAR,JL. SISINGAMANGARAJA,2003,"JPO BETON / EKSISTING ( RAMP,TANGGA )",-6.2347672,106.796415
Koridor 1,1,Blok M - Kota,BUNDARAN SENAYAN,JL. JEND SUDIRMAN,2003,JPO BAJA / EKSISTING ( RAMP SEMUA ),-6.2277647,106.7988413
Koridor 1,1,Blok M - Kota,GELORA,JL. JEND SUDIRMAN,2003,JPO BETON / EKSISTING ( RAMP SEMUA ),-6.2242119,106.8036165
Koridor 1,1,Blok M - Kota,POLDA,JL. JEND SUDIRMAN,2003,JPO BETON / EKSISTING ( RAMP SEMUA ),-6.2210711,106.8080687
Koridor 1,1,Blok M - Kota,BENHIL,JL. JEND SUDIRMAN,2003,JPO BETON / EKSISTING ( RAMP SEMUA ),-6.21691,106.8130302
Koridor 1,1,Blok M - Kota,KARET,JL. JEND SUDIRMAN,2003,JPO BAJA / PEMB BARU SPONSOR ( RAMP SEMUA ),-6.2124126,106.8178575
Koridor 1,1,Blok M - Kota,SETIA BUDI,JL. JEND SUDIRMAN,2003,JPO BAJA / EKSISTING ( RAMP SEMUA ),,
Koridor 1,1,Blok M - Kota,DUKUH ATAS,JL. JEND SUDIRMAN,2003,JPO BETON / EKSISTING ( RAMP SEMUA ),-6.2059064,106.8200355
Koridor 1,1,Blok M - Kota,TOSARI,JL. JEND SUDIRMAN,2003,JPO BETON / EKSISTING ( RAMP SEMUA ),-6.2017573,106.8210011
Koridor 1,1,Blok M - Kota,BUNDARAN HI,JL. MH THAMRIN,2003,JPO BETON / EKSISTING ( TANGGA SEMUA ),,
Koridor 1,1,Blok M - Kota,SARINAH,JL. MH THAMRIN,2003,JPO BETON / EKSISTING ( TANGGA SEMUA ),-6.1898645,106.821677
Koridor 1,1,Blok M - Kota,BI,JL. MH THAMRIN,2003,JPO BETON / EKSISTING ( RAMP SEMUA ),-6.1838914,106.8217735
Koridor 1,1,Blok M - Kota,MONAS,JL. MERDEKA BARAT,2003,PELICAN,-6.1790381,106.8217843
Koridor 1,1,Blok M - Kota,HARMONI CENTRAL BUSWAY ( HCB ),JL. GAJAH MADA,2003,"JPO BAJA / EKSISTING ( RAMP, TANGGA ) ",-6.1681155,106.8216341
Koridor 1,1,Blok M - Kota,SAWAH BESAR,JL. GAJAH MADA,2003,JPO BAJA / EKSISTING ( TANGGA SEMUA ),-6.1635501,106.8195419
Koridor 1,1,Blok M - Kota,MANGGA BESAR,JL. GAJAH MADA,2003,JPO BAJA / EKSISTING ( TANGGA SEMUA ),-6.1551126,106.8168919
Koridor 1,1,Blok M - Kota,OLIMO,JL. GAJAH MADA,2003,JPO BAJA / EKSISTING ( TANGGA SEMUA ),-6.1498538,106.8154328
Koridor 1,1,Blok M - Kota,GLODOK,JL. GAJAH MADA,2003,PELICAN,-6.1440295,106.8138127
Koridor 1,1,Blok M - Kota,STASIUN KOTA,JL.STASIUN,2003,PELICAN,-6.1389839,106.8131797
Koridor 2,2,Harmoni - Pulogadung,TERMINAL PULOGADUNG,TERMINAL PULOGADUNG,2004 dan 2005,PELICAN,-6.1832122,106.9069433
Koridor 2,2,Harmoni - Pulogadung,BERMIS,JL.PERINTIS KEMERDEKAAN,2004 dan 2005,JPO BAJA / PEMBANGUNAN BARU ( RAMP SEMUA ),-6.1798522,106.9004738
Koridor 2,2,Harmoni - Pulogadung,POLUMAS,JL.PERINTIS KEMERDEKAAN,2004 dan 2005,JPO BAJA / EKSISTING ( RAMP SEMUA ),-6.1768443,106.893146
Koridor 2,2,Harmoni - Pulogadung,ASMI,JL.PERINTIS KEMERDEKAAN,2004 dan 2005,JPO BAJA / EKSISTING ( RAMP SEMUA ),-6.1732816,106.8897664
Koridor 2,2,Harmoni - Pulogadung,PEDONGKELAN,JL.PERINTIS KEMERDEKAAN,2004 dan 2005,JPO BAJA / PEMBANGUNAN BARU ( RAMP SEMUA ),-6.1687803,106.8827927
Koridor 2,2,Harmoni - Pulogadung,CEMPAKA TIMUR (Cempaka Mas),JL.R. SUPRAPTO,2004 dan 2005,JPO BAJA / PEMBANGUNAN BARU ( RAMP SEMUA ),-6.1661243,106.8767524
Koridor 2,2,Harmoni - Pulogadung,RUMAH SAKIT ISLAM (Yarsi),JL.R. SUPRAPTO,2004 dan 2005,"JPO BAJA / EKSISTING ( RAMP, TANGGA ) ",-6.1700603,106.8688774
Koridor 2,2,Harmoni - Pulogadung,CEMPAKA TENGAH (LIPPO ),JL.R. SUPRAPTO,2004 dan 2005,JPO BAJA / EKSISTING ( TANGGA SEMUA ),-6.1700603,106.8688774
Koridor 2,2,Harmoni - Pulogadung,PASAR CEMPAKA  PUTIH,JL.R. SUPRAPTO,2004 dan 2005,"JPO BAJA / EKSISTING ( RAMP, TANGGA ) ",-6.171575,106.8641567
Koridor 2,2,Harmoni - Pulogadung,RAWA SELATAN,JL.R. SUPRAPTO,2004 dan 2005,JPO BAJA / EKSISTING ( TANGGA SEMUA ),-6.1730576,106.8591678
Koridor 2,2,Harmoni - Pulogadung,GALUR,JL.R. SUPRAPTO,2004 dan 2005,JPO BAJA / PEMBANGUNAN BARU ( TANGGA SEMUA ),-6.174135,106.8513036
Koridor 2,2,Harmoni - Pulogadung,SENEN,JL.BUNDARAN SENEN,2004 dan 2005,PELICAN,-6.1778043,106.8431175
Koridor 2,2,Harmoni - Pulogadung,ATRIUM,JL.SENEN RAYA,2004 dan 2005,JPO BAJA / EKSISTING ( RAMP SEMUA ),-6.1762576,106.8387723
Koridor 2,2,Harmoni - Pulogadung,RSPAD,JL.KIWI,2004 dan 2005,PELICAN,-6.1757776,106.8381607
Koridor 2,2,Harmoni - Pulogadung,,,2004 dan 2005,PELICAN,,
Koridor 2,2,Harmoni - Pulogadung,DEPLU,JL.PEJAMBON,2004 dan 2005,PELICAN,-6.1751483,106.8362188
Koridor 2,2,Harmoni - Pulogadung,GAMBIR 1,JL.MERDEKA TIMUR,2004 dan 2005,JPO BAJA / EKSISTING ( TANGGA SEMUA ),-6.175223,106.8322492
Koridor 2,2,Harmoni - Pulogadung,ISTIQLAL (Perwira),JL.PERWIRA,2004 dan 2005,PELICAN,-6.171127,106.8295884
Koridor 2,2,Harmoni - Pulogadung,JUANDA,JL.JUANDA,2004 dan 2005,PELICAN,-6.1701243,106.8292129
Koridor 2,2,Harmoni - Pulogadung,PECENONGAN,JL.JUANDA,2004 dan 2005,PELICAN,-6.1660923,106.8251789
Koridor 2,2,Harmoni - Pulogadung,BALAIKOTA,JL.MERDEKA SELATAN,2004 dan 2005,PELICAN,-6.1816762,106.824857
Koridor 2,2,Harmoni - Pulogadung,GAMBIR 2,JL.MERDEKA SELATAN,2004 dan 2005,PELICAN,-6.1802149,106.8264234
Koridor 2,2,Harmoni - Pulogadung,KWITANG,JL.KWITANG,2004 dan 2005,PELICAN,-6.1823695,106.8342876
Koridor 3,3,Kalideres - Harmoni,TERMINAL KALIDERES,TERMINAL KALIDRES,2004 dan 2005,PELICAN,-6.1544877,106.7033386
Koridor 3,3,Kalideres - Harmoni,PESAKIH,JL.DAAN MOGOT,2004 dan 2005,JPO BAJA / EKSISTING ( RAMP SEMUA ),-6.1547547,106.7130913
Koridor 3,3,Kalideres - Harmoni,SUMUR BOR,JL.DAAN MOGOT,2004 dan 2005,JPO BAJA / EKSISTING ( RAMP SEMUA ),-6.15404,106.717061
Koridor 3,3,Kalideres - Harmoni,RAWA BUAYA,JL.DAAN MOGOT,2004 dan 2005,"JPO BAJA / PEMB BARU TH 2010 ( RAMP, TANGGA )",-6.154712,106.7261483
Koridor 3,3,Kalideres - Harmoni,JEMBATAN BARU,JL.DAAN MOGOT,2004 dan 2005,JPO BAJA / EKSISTING ( RAMP SEMUA ),-6.1550427,106.7291417
Koridor 3,3,Kalideres - Harmoni,DISPENDA,JL.DAAN MOGOT,2004 dan 2005,"JPO BAJA / PEMBANGUNAN BARU ( RAMP, SEMUA )",-6.1552347,106.7321672
Koridor 3,3,Kalideres - Harmoni,JEMBATAN GANTUNG,JL.DAAN MOGOT,2004 dan 2005,JPO BAJA / EKSISTING ( RAMP SEMUA ),-6.1558107,106.7440225
Koridor 3,3,Kalideres - Harmoni,TAMAN KOTA,JL.DAAN MOGOT,2004 dan 2005,"JPO BAJA / EKSISTING ( RAMP, TANGGA ) ",-6.1571271,106.7556956
Koridor 3,3,Kalideres - Harmoni,INDOSIAR,JL.DAAN MOGOT,2004 dan 2005,"JPO BAJA / PEMBANGUNAN BARU ( RAMP, TANGGA )",-6.163372,106.7729928
Koridor 3,3,Kalideres - Harmoni,JELAMBAR,JL.DAAN MOGOT,2004 dan 2005,JPO BETON / EKSISTING ( TANGGA BETON SEMUA ),-6.1664947,106.7843513
Koridor 3,3,Kalideres - Harmoni,GROGOL 1,JL.KYAI TAPA,2004 dan 2005,JPO BETON / EKSISTING ( Halte Bangun Thn 2007 ),-6.1673907,106.7873876
Koridor 3,3,Kalideres - Harmoni,RS.SUMBER WARAS,JL.KYAI TAPA,2004 dan 2005,JPO BETON / EKSISTING ( Halte Bangun Thn 2007 ),-6.166228,106.7933528
Koridor 3,3,Kalideres - Harmoni,PASAR BARU,JL.SOETOMO,2004 dan 2005,JPO BAJA / EKSISTING ( RAMP SEMUA ),-6.1677747,106.8327813
Koridor 4,4,Dukuh Atas - Pulogadung,DUKUH ATAS 2,JL.DUKUH BAWAH,2006,SKY WOLK / PEMABNGUNAN BARU/PELICAN,-6.2032947,106.8215913
Koridor 4,4,Dukuh Atas - Pulogadung,HALIMUN,JL.GALUNGGUNG,2006,PELICAN,-6.2051147,106.8311913
Koridor 4,4,Dukuh Atas - Pulogadung,PASAR RUMPUT,JL.GALUNGGUNG,2006,JPO BETON / EKSISTING ( RAMP SEMUA ),-6.2064159,106.836663
Koridor 4,4,Dukuh Atas - Pulogadung,MANGGARAI,TERMINAL MANGGARAI,2006,PELICAN,-6.2086558,106.842875
Koridor 4,4,Dukuh Atas - Pulogadung,MATRAMAN 2,JL.MATRAMAN RAYA,2006,SKY WOLK / PELICAN,-6.2019469,106.8493016
Koridor 4,4,Dukuh Atas - Pulogadung,PASAR GENJING,JL.PRAMUKA,2006,"JPO BAJA / EKSISTING ( RAMP, TANGGA ) ",-6.1971045,106.8572409
Koridor 4,4,Dukuh Atas - Pulogadung,UTAN KAYU,JL.PRAMUKA,2006,JPO BAJA / EKSISTING ( TANGGA SEMUA ),-6.1946086,106.86238
Koridor 4,4,Dukuh Atas - Pulogadung,PRAMUKA LIA,JL.PRAMUKA,2006,"JPO BAJA / EKSISTING ( RAMP, TANGGA ) ",-6.1936699,106.8653412
Koridor 4,4,Dukuh Atas - Pulogadung,BPKP,JL.PRAMUKA,2006,JPO BAJA  BARU ( Bangun Thn 2007 ) RAMP SEMUA,-6.1935953,106.8706412
Koridor 4,4,Dukuh Atas - Pulogadung,UNJ,JL.PRAMUKA,2006,"JPO BAJA / EKSISTING ( RAMP, TANGGA ) ",-6.1939259,106.8795891
Koridor 4,4,Dukuh Atas - Pulogadung,SUNAN GIRI,JL.PEMUDA,2006,PELICAN,-6.1939259,106.8795891
Koridor 4,4,Dukuh Atas - Pulogadung,VELODROME,JL.PEMUDA,2006,JPO BAJA / EKSISTING ( RAMP SEMUA ),-6.1940326,106.8877216
Koridor 4,4,Dukuh Atas - Pulogadung,PEMUDA PAUS,JL.PEMUDA,2006,JPO BAJA ( Bangun Thn 2007 ) PELICAN,-6.1943099,106.8898351
Koridor 4,4,Dukuh Atas - Pulogadung,LAYUR,JL.PEMUDA,2006,"JPO BAJA / PEMBANGUNAN BARU ( RAMP, TANGGA )",-6.1937873,106.8944485
Koridor 4,4,Dukuh Atas - Pulogadung,TUGAS,JL.PEMUDA,2006,JPO BAJA / PEMBANGUNAN BARU ( RAMP SEMUA ),-6.1933606,106.9024308
Koridor 4,4,Dukuh Atas - Pulogadung,PASAR POLUGADUNG,JL.BEKASI TIMUR,2006,PELICAN,-6.1897234,106.9049628
Koridor 4,4,Dukuh Atas - Pulogadung,TERMINAL PULOGADUNG,JL.BEKASI TIMUR,2006,PELICAN,-6.1847422,106.9051559
Koridor 5,5,Kampung Melayu - Ancol,KAMPUNG MELAYU,TERMINAL KAMP MELAYU,2006,PELICAN,-6.2246319,106.8645432
Koridor 5,5,Kampung Melayu - Ancol,PASAR JATINEGARA,JL.BEKASI TIMUR,2006,JPO BAJA / EKSISTING ( TANGGA SEMUA ),-6.2180192,106.8664208
Koridor 5,5,Kampung Melayu - Ancol,KEBON PALA,JL.BEKASI TIMUR,2006,"JPO BAJA / EKSISTING ( RAMP, TANGGA )",-6.2145208,106.8619898
Koridor 5,5,Kampung Melayu - Ancol,SLAMET RIYADI,JL.MATRAMAN,2006,JPO BAJA / EKSISTING ( TANGGA SEMUA ),-6.2102971,106.8590179
Koridor 5,5,Kampung Melayu - Ancol,TEGALAN,JL.MATRAMAN,2006,JPO BAJA / EKSISTING ( TANGGA SEMUA ),-6.2041962,106.8570652
Koridor 5,5,Kampung Melayu - Ancol,MATRAMAN  I,JL.MATRAMAN,2006,"SKY WOLK, JPO / PEMABNGUNAN BARU ( RAMP, TANGGA )",-6.2015617,106.8550911
Koridor 5,5,Kampung Melayu - Ancol,RS. CAROLUS,JL.SALEMBA,2006,JPO BAJA ( Bangun Thn 2007 ) RAMP SEMUA,-6.1969859,106.8496945
Koridor 5,5,Kampung Melayu - Ancol,SALEMBA UI,JL.SALEMBA,2006,"JPO BETON / EKSISTING ( RAMP, TANGGA )",-6.1948634,106.8485894
Koridor 5,5,Kampung Melayu - Ancol,KRAMAT SENTIONG,JL.KRAMAT RAYA,2006,JPO BAJA / EKSISTING ( TANGGA SEMUA ),-6.1903089,106.8462076
Koridor 5,5,Kampung Melayu - Ancol,PAL PUTIH,JL.KRAMAT RAYA,2006,JPO BAJA / EKSISTING ( TANGGA SEMUA ),-6.1857117,106.8439975
Koridor 5,5,Kampung Melayu - Ancol,CENTRAL SENEN,JL.SENEN RAYA,2006,SKY WOLK / PEMBANGUNAN BARU,-6.1794078,106.8416264
Koridor 5,5,Kampung Melayu - Ancol,BUDI UTOMO,JL.GUNUNG SAHARI,2006,"JPO BAJA / EKSISTING ( RAMP, TANGGA )",-6.1653705,106.8387511
Koridor 5,5,Kampung Melayu - Ancol,PASAR BARU TIMUR,JL.GUNUNG SAHARI,2006,"JPO BAJA / EKSISTING ( RAMP, TANGGA )",-6.1647092,106.8342343
Koridor 5,5,Kampung Melayu - Ancol,JEMBATAN MERAH,JL.GUNUNG SAHARI,2006,"JPO BAJA / EKSISTING ( RAMP, TANGGA )",-6.1402284,106.8319705
Koridor 5,5,Kampung Melayu - Ancol,GUNUNG SAHARI MANGGA DUA,JL.GUNUNG SAHARI,2006,JPO BAJA ( Bangun Thn 2007 ) RAMP SEMUA,-6.1402284,106.8319705
Koridor 5,5,Kampung Melayu - Ancol,PADEMANGAN,JL.GUNUNG SAHARI,2006,"JPO BAJA / PEMBANGUNAN BARU ( RAMP, TANGGA )",-6.1361214,106.8307688
Koridor 5,5,Kampung Melayu - Ancol,ANCOL,TAMAN IMPIAN JAYA ANCOL,2006,PELICAN,-6.129753,106.8300178
Koridor 6,6,Ragunan - Latuharhari,RAGUNAN,KEBUN BINATANG RAGUNAN,2006,PELICAN,-6.3057836,106.817761
Koridor 6,6,Ragunan - Latuharhari,DEPARTEMEN PERTANIAN,JL.HARSONO,2006,PELICAN,-6.2938292,106.8220525
Koridor 6,6,Ragunan - Latuharhari,SMK 57,JL.HARSONO,2006,JPO BAJA / PEMBANGUNAN BARU ( TANGGA SEMUA ),-6.2938292,106.8220525
Koridor 6,6,Ragunan - Latuharhari,JATI PADANG,JL.BUNCIT RAYA,2006,JPO BAJA / PEMBANGUNAN BARU ( TANGGA SEMUA ),-6.2883584,106.8241769
Koridor 6,6,Ragunan - Latuharhari,PEJATEN,JL.BUNCIT RAYA,2006,JPO BAJA / EKSISTING ( TANGGA SEMUA ),-6.2800082,106.8276101
Koridor 6,6,Ragunan - Latuharhari,BUNCIT INDAH,JL.BUNCIT RAYA,2006,JPO BAJA / EKSISTING ( RAMP SEMUA ),-6.2764676,106.8286401
Koridor 6,6,Ragunan - Latuharhari,WARUNG JATI,JL.BUNCIT RAYA,2006,JPO BETON / EKSISTING ( TANGGA SEMUA ),-6.2650244,106.8290156
Koridor 6,6,Ragunan - Latuharhari,IMIGRASI,JL.BUNCIT RAYA,2006,JPO BAJA / EKSISTING ( RAMP SEMUA ),-6.2597454,106.8278783
Koridor 6,6,Ragunan - Latuharhari,DUREN TIGA,JL.BUNCIT RAYA,2006,JPO BAJA / EKSISTING ( RAMP SEMUA ),-6.2528771,106.8265157
Koridor 6,6,Ragunan - Latuharhari,MAMPANG PRAPATAN,JL.BUNCIT RAYA,2006,JPO BAJA / EKSISTING ( RAMP SEMUA ),-6.2455076,106.8253141
Koridor 6,6,Ragunan - Latuharhari,KUNINGAN TIMUR,JL.RASUNA SAID,2006,JPO BETON / EKSISTING ( TANGGA SEMUA ),-6.2367087,106.8262261
Koridor 6,6,Ragunan - Latuharhari,PATRA KUNINGAN,JL.RASUNA SAID,2006,"JPO BETON / EKSISTING ( RAMP, TANGGA )",-6.2342664,106.8306893
Koridor 6,6,Ragunan - Latuharhari,DEPKES,JL.RASUNA SAID,2006,JPO BETON / EKSISTING ( RAMP SEMUA ),-6.231664,106.8325454
Koridor 6,6,Ragunan - Latuharhari,GOR SUMANTRI,JL.RASUNA SAID,2006,JPO BETON / EKSISTING ( RAMP SEMUA ),-6.2223957,106.831333
Koridor 6,6,Ragunan - Latuharhari,KARET KUNINGAN,JL.RASUNA SAID,2006,"JPO BETON / EKSISTING ( RAMP, TANGGA )",-6.216825,106.8293627
Koridor 6,6,Ragunan - Latuharhari,KUNINGAN MADYA AINI,JL.RASUNA SAID,2006,JPO BETON / EKSISTING ( RAMP SEMUA ),-6.2119404,106.829276
Koridor 6,6,Ragunan - Latuharhari,SETIABUDI UTARA,JL.RASUNA SAID,2006,JPO BAJA / PEMBANGUNAN BARU ( RAMP SEMUA ),-6.2079399,106.8285709
Koridor 6,6,Ragunan - Latuharhari,LATUHARHARI,JL.LATUHARHARI,2006,PELICAN,-6.2061283,106.8275947
Koridor 7,7,Kampung Melayu - Kampung Rambutan,Kp. RAMBUTAN,TERMINAL KAMP RAMBUTAN,2006,PELICAN,-6.3091907,106.8794354
Koridor 7,7,Kampung Melayu - Kampung Rambutan,TANAH MERDEKA,JL.BARU,2006,PELICAN,-6.3081383,106.8717449
Koridor 7,7,Kampung Melayu - Kampung Rambutan,FLY OVER RAYA BOGOR,JL.RAYA BOGOR,2006,PELICAN,-6.3079676,106.8658226
Koridor 7,7,Kampung Melayu - Kampung Rambutan,RS. HARAPAN BUNDA,JL.RAYA BOGOR,2006,JPO BAJA / PEMBANGUNAN BARU ( TANGGA SEMUA ),-6.3029959,106.8660863
Koridor 7,7,Kampung Melayu - Kampung Rambutan,PASAR INDUK,JL.RAYA BOGOR,2006,PELICAN,-6.2956667,106.870196
Koridor 7,7,Kampung Melayu - Kampung Rambutan,PASAR KRAMAT JATI,JL.RAYA BOGOR,2006,JPO BAJA / EKSISTING ( TANGGA SEMUA ),-6.2924947,106.8705245
Koridor 7,7,Kampung Melayu - Kampung Rambutan,CILILITAN,JL.SUTOYO,2006,JPO BAJA / PEMBANGUNAN BARU ( RAMP SEMUA ),-6.2624809,106.8641698
Koridor 7,7,Kampung Melayu - Kampung Rambutan,BKN,JL.SUTOYO,2006,JPO BETON / EKSISTING ( TANGGA BETON SEMUA ),-6.2602519,106.8667877
Koridor 7,7,Kampung Melayu - Kampung Rambutan,CAWANG UKI,JL.SUTOYO,2006,JPO BETON / EKSISTING ( TANGGA BETON SEMUA ),-6.2527225,106.8712616
Koridor 7,7,Kampung Melayu - Kampung Rambutan,BNN,JL.MT HARYONO,2006,JPO BAJA / PEMBANGUNAN BARU ( RAMP SEMUA ),-6.2453209,106.8719375
Koridor 7,7,Kampung Melayu - Kampung Rambutan,CAWANG OTISTA,JL.OTISTA RAYA,2006,JPO BETON / EKSISTING ( TANGGA SEMUA ),-6.2462914,106.865747
Koridor 7,7,Kampung Melayu - Kampung Rambutan,GELANGGANG REMAJA,JL.OTISTA RAYA,2006,JPO BAJA / EKSISTING ( RAMP SEMUA ),-6.2348049,106.8673777
Koridor 7,7,Kampung Melayu - Kampung Rambutan,BIDARA CINA,JL.OTISTA RAYA,2006,JPO BAJA / EKSISTING ( TANGGA SEMUA ),-6.2319893,106.8670451
Koridor 8,8,Lebak Bulus - Harmoni,Terminal Lebak Bulus,Jl.Lebak Bulus Raya,2008,Pelican,-6.2885161,106.7688165
Koridor 8,8,Lebak Bulus - Harmoni,Pondok Pinang,Jl.Ciputat Raya,2008,Pelican,-6.2821247,106.7698613
Koridor 8,8,Lebak Bulus - Harmoni,Pondok Indah 1,Jl.Metro Pondok Indah,2008,Pelican,-6.2678532,106.7832577
Koridor 8,8,Lebak Bulus - Harmoni,Pondok Indah 2,Jl.Metro Pondok Indah,2008,JPO Eksisting (Tangga-Ramp-Tangga),-6.2670191,106.7831443
Koridor 8,8,Lebak Bulus - Harmoni,Tanah kusir Kodim,Jl.Sultan Iskandar Muda,2008,JPO Eksisting (Tangga-Ramp-Tangga),-6.2570017,106.7794573
Koridor 8,8,Lebak Bulus - Harmoni,Kebayoran Lama Bungur,Jl.Sultan Iskandar Muda,2008,JPO Baru Baja (Tangga-Ramp-Tangga),-6.2510293,106.7804015
Koridor 8,8,Lebak Bulus - Harmoni,Pasar Kebayoran Lama,Jl.Sultan Iskandar Muda,2008,Pelican,-6.2415373,106.782279
Koridor 8,8,Lebak Bulus - Harmoni,Simprug Kebayoran Lama,Jl.Sultan Iskandar Muda,2008,JPO Baru Baja (Ramp Semua),-6.23392,106.7842903
Koridor 8,8,Lebak Bulus - Harmoni,Permata hijau,Jl.Letj Soepono,2008,JPO Baru Baja (Ramp Semua),-6.2213747,106.7810713
Koridor 8,8,Lebak Bulus - Harmoni,Permata Hijau RS. Medika,Jl.Letj Soepono,2008,JPO Baru Baja (Ramp Semua),-6.2200628,106.7787432
Koridor 8,8,Lebak Bulus - Harmoni,Pos Pengumben,Jl.Panjang,2008,JPO Baru Baja (Ramp-Ramp-Tangga),-6.213386,106.7725526
Koridor 8,8,Lebak Bulus - Harmoni,Kelapa Dua Sasak,Jl.Panjang,2008,JPO Baru Baja (Ramp-Ramp-Tangga),-6.2074238,106.7696022
Koridor 8,8,Lebak Bulus - Harmoni,Kebun Jeruk Relasi,Jl.Panjang,2008,Pelican,-6.1962875,106.7681272
Koridor 8,8,Lebak Bulus - Harmoni,Duri Kepa,Jl.Panjang,2008,JPO Baru Baja (Ramp-Ramp-Tangga),-6.1862932,106.7679985
Koridor 8,8,Lebak Bulus - Harmoni,Kedoya Assyiddiqiyah,Jl.Panjang,2008,JPO Baru Baja (Ramp-Ramp-Tangga),-6.1770061,106.7668142
Koridor 8,8,Lebak Bulus - Harmoni,Kedoya Green Garden,Jl.Panjang,2008,JPO Baru Baja (Ramp Semua),-6.1664337,106.763005
Koridor 8,8,Lebak Bulus - Harmoni,Grogol 2,Jl.Letj S.Parman,2008,JPO Baru Baja (Tangga-Ramp-Ramp) Skywork,-6.1667947,106.7875013
Koridor 8,8,Lebak Bulus - Harmoni,Tomang Mandala,Jl.Tomang Raya,2008,JPO Baru Baja (Tangga-Floating-Tangga),-6.1768789,106.7981858
Koridor 8,8,Lebak Bulus - Harmoni,Rs Tarakan,Jl.Kyai Caringin,2008,Pelican,-6.1717817,106.8095647
Koridor 8,8,Lebak Bulus - Harmoni,Petojo,Jl.Suryopranoto,2008,Pelican,-6.1714291,106.8147332
Koridor 9,9,Pinang Ranti - Pluit,Terminal Pinang Ranti,Jl.Pondok Gede,2008,Pelican,-6.2913855,106.8837153
Koridor 9,9,Pinang Ranti - Pluit,Garuda Taman Mini,Jl.Pondok Gede,2008,Pelican,-6.2901347,106.8789513
Koridor 9,9,Pinang Ranti - Pluit,Cawang Ciliwung,Jl.Pondok Gede,2008,JPO Eksisting (Tangga Semua),-6.2430947,106.8613913
Koridor 9,9,Pinang Ranti - Pluit,Cikoko Stasiun Cawang,Jl.MT.Haryono,2008,JPO Baru Baja (Ramp-Tangga-Ramp),-6.2430947,106.8603292
Koridor 9,9,Pinang Ranti - Pluit,Tebet BKPM,Jl.MT.Haryono,2008,JPO Eksisting (Tangga Semua),-6.2433353,106.8499326
Koridor 9,9,Pinang Ranti - Pluit,Pancoran,Jl.MT.Haryono,2008,Pelican,-6.2433835,106.8424939
Koridor 9,9,Pinang Ranti - Pluit,Pancoran Barat,Jl.Jend Gatot Subroto,2008,JPO Eksisting (Tangga Semua),-6.2418319,106.8353325
Koridor 9,9,Pinang Ranti - Pluit,Tegal Parang,Jl.Jend Gatot Subroto,2008,JPO Eksisting (Tangga Semua),-6.2410746,106.832425
Koridor 9,9,Pinang Ranti - Pluit,Kuningan Barat,Jl.Jend Gatot Subroto,2008,Pelican,-6.2391549,106.8285948
Koridor 9,9,Pinang Ranti - Pluit,Jamsostek Gatot Subroto,Jl.Jend Gatot Subroto,2008,JPO Eksisting (Tangga Semua),-6.2354327,106.8231982
Koridor 9,9,Pinang Ranti - Pluit,LIPI Gatot Subroto,Jl.Jend Gatot Subroto,2008,JPO Eksisting (Tangga Semua),-6.2295667,106.8184561
Koridor 9,9,Pinang Ranti - Pluit,Semanggi,Jl.Jend Gatot Subroto,2008,JPO Eksisting (Tangga-Floating Ramp-Tangga),-6.2205447,106.8106613
Koridor 9,9,Pinang Ranti - Pluit,JCC Senayan,Jl.Jend S.Parman,2008,JPO Eksisting (Tangga Semua),-6.2159797,106.8083224
Koridor 9,9,Pinang Ranti - Pluit,Slipi Petamburan,Jl.Jend S.Parman,2008,JPO Baru Baja (Tangga-Bordes-Tangga),-6.2049299,106.8014023
Koridor 9,9,Pinang Ranti - Pluit,Slipi Kemanggisan,Jl.Jend S.Parman,2008,JPO Eksisting (Tangga Semua),-6.1921946,106.7965958
Koridor 9,9,Pinang Ranti - Pluit,RS Harapan kita,Jl.Jend S.Parman,2008,JPO Eksisting (Tangga Semua),-6.1867867,106.795716
Koridor 9,9,Pinang Ranti - Pluit,Taman Anggrek,Jl.Jend S.Parman,2008,JPO Eksisting (Tangga Semua),-6.1796296,106.7941926
Koridor 9,9,Pinang Ranti - Pluit,Stasiun KA Latumenten,Jl.Latumenten,2008,JPO Baru Baja (Tangga),-6.1609813,106.7883988
Koridor 9,9,Pinang Ranti - Pluit,Jembatan Besi,Jl.Jembatan Besi,2008,JPO Eksisting (Tangga Semua),-6.1551038,106.7924972
Koridor 9,9,Pinang Ranti - Pluit,Jembatan Dua,Jl.Jembatan Dua,2008,Pelican,-6.1461648,106.7920359
Koridor 9,9,Pinang Ranti - Pluit,Jembatan Tiga,Jl.Raya Pluit,2008,JPO Eksisting (Tangga-Ramp-Tangga),-6.1348895,106.7914565
Koridor 9,9,Pinang Ranti - Pluit,Penjaringan,Jl.Raya Pluit,2008,Pelican,-6.128553,106.7907377
Koridor 9,9,Pinang Ranti - Pluit,Pluit,Jl.Raya Pluit,2008,Pelican,-6.1155828,106.788718
Koridor 10,10,Cililitan - Tanjung Priok,Cawang Sutoyo,Jl.Soetoyo,2008,JPO Baru Baja (Ramp Semua),-6.2447651,106.8737877
Koridor 10,10,Cililitan - Tanjung Priok,Penas kalimalang,Jl.Soetoyo,2008,JPO Baru Baja (Tangga-Ramp-Ramp),-6.2390747,106.8758713
Koridor 10,10,Cililitan - Tanjung Priok,Cipinang Kebun Nanas,Jl.DI Panjaitan,2008,JPO Baru Baja (Tangga-Ramp-Ramp),-6.2314547,106.8741113
Koridor 10,10,Cililitan - Tanjung Priok,Pedati Prumpung,Jl.DI Panjaitan,2008,JPO Baru Baja (Ramp-Ramp-Tangga),-6.22021,106.8721987
Koridor 10,10,Cililitan - Tanjung Priok,Stasiun Jatinegara,Jl.DI Panjaitan,2008,JPO Baru Baja (Tangga-Tangga-Tangga),-6.2152091,106.8680897
Koridor 10,10,Cililitan - Tanjung Priok,Bea Cukai Ahmad Yani,Jl.DI Panjaitan,2008,JPO Baru Baja (Tangga-Ramp-Tangga),-6.2055147,106.8715713
Koridor 10,10,Cililitan - Tanjung Priok,Utan Kayu Rawamangun,Jl.DI Panjaitan,2008,JPO Baru Baja (Tangga-Ramp-Ramp),-6.1974326,106.871844
Koridor 10,10,Cililitan - Tanjung Priok,Kayu Putih Rawasari,Jl.A.Yani,2008,JPO Baru Baja (Tangga-Ramp-Ramp),-6.1878847,106.8727713
Koridor 10,10,Cililitan - Tanjung Priok,Pulomas By Pass,Jl.A.Yani,2008,JPO Baru Baja (Tangga-Ramp-Ramp),-6.1772747,106.8738113
Koridor 10,10,Cililitan - Tanjung Priok,Cempaka Putih,Jl.A.Yani,2008,JPO Baru Baja (Ramp Semua),-6.1772479,106.8672452
Koridor 10,10,Cililitan - Tanjung Priok,Cempaka Mas 2,Jl.A.Yani,2008,Pelican,-6.1748522,106.8647918
Koridor 10,10,Cililitan - Tanjung Priok,Yos Sudarso Kodamar,Jl.Yos Sudarsono,2008,JPO Baru Baja (Ramp Semua),-6.1620431,106.879496
Koridor 10,10,Cililitan - Tanjung Priok,Sunter Kelapa gading,Jl.Yos Sudarsono,2008,JPO Baru Baja (Tangga-Ramp-Ramp),-6.1426647,106.8886113
Koridor 10,10,Cililitan - Tanjung Priok,Plumpang Pertamina,Jl.Yos Sudarsono,2008,JPO Baru Baja (Tangga Semua),-6.1279673,106.8918457
Koridor 10,10,Cililitan - Tanjung Priok,Walikota Jakarta utara,Jl.Yos Sudarsono,2008,JPO Beton Eksisting (Tangga-Ramp-Tangga),-6.1188247,106.8911313
Koridor 10,10,Cililitan - Tanjung Priok,Permai Koja,Jl.Yos Sudarsono,2008,JPO Beton Eksisting (Tangga-Ramp-Tangga),-6.1140847,106.8909113
Koridor 10,10,Cililitan - Tanjung Priok,Enggano,Jl.Enggano,2008,Pelican,-6.1101484,106.8902301
Koridor 10,10,Cililitan - Tanjung Priok,Terminal Tanjung Priok,Jl.Enggano,2008,Pelican,-6.1095447,106.8791913
Koridor 11,11,Pulogebang - Kampung Melayu,Walikota Jakarta Timur,Jl.Sentra Primer Timur,2011,JPO Baru Baja (Ramp Semua),-6.2125047,106.9431813
Koridor 11,11,Pulogebang - Kampung Melayu,Penggilingan,Jl.Sentra Primer Timur,2011,JPO Baru Baja (Ramp Semua),-6.2141428,106.9374249
Koridor 11,11,Pulogebang - Kampung Melayu,Perumnas kalender,Jl.I.Gusti Ngurah Rai,2011,JPO Baru Baja (Tangga-Ramp-Tangga),-6.216684,106.928354
Koridor 11,11,Pulogebang - Kampung Melayu,Flyover Buaran,Jl.I.Gusti Ngurah Rai,2011,JPO Baru Baja (Ramp-Ramp-Tangga),-6.2168105,106.9219293
Koridor 11,11,Pulogebang - Kampung Melayu,Buaran,Jl.I.Gusti Ngurah Rai,2011,JPO Baru Baja (Tangga-Ramp-Tangga),-6.2151147,106.9154813
Koridor 11,11,Pulogebang - Kampung Melayu,Kampung Sumur,Jl.I.Gusti Ngurah Rai,2011,JPO Baru Baja (Tangga-Ramp-Tangga),-6.2153493,106.9102886
Koridor 11,11,Pulogebang - Kampung Melayu,Fly Over Kalender,Jl.I.Gusti Ngurah Rai,2011,JPO Baru Baja (Tangga-Ramp-Tangga),-6.214624,106.9007614
Koridor 11,11,Pulogebang - Kampung Melayu,Stasiun Kalender,Jl.I.Gusti Ngurah Rai,2011,JPO Baru Baja (Tangga-Ramp-Tangga),-6.21456,106.8991842
Koridor 11,11,Pulogebang - Kampung Melayu,Cipinang,Jl.Bekasi Timur,2011,JPO Baru Baja (Tangga-Ramp-Tangga),-6.2144427,106.8875005
Koridor 11,11,Pulogebang - Kampung Melayu,Imigrasi,Jl.Bekasi Timur,2011,JPO Eksisting (Tangga-Ramp-Tangga),-6.2144321,106.8840458
Koridor 11,11,Pulogebang - Kampung Melayu,Pasar Enjo,Jl.Bekasi Timur,2011,JPO Eksisting (Tangga-Ramp-Tangga),-6.215392,106.8760314
Koridor 11,11,Pulogebang - Kampung Melayu,Fly Over Jatinegara,Jl.Bekasi Timur,2011,JPO Baru Baja (Tangga-Ramp-Tangga),-6.2159253,106.8715682
Koridor 11,11,Pulogebang - Kampung Melayu,Stasiun Jatinegara,Jl.Bekasi Timur,2011,JPO Baru Baja (Tangga-Ramp-Tangga),-6.2159999,106.8706348
Koridor 11,11,Pulogebang - Kampung Melayu,Rumah Sakit Primier,Jl.Jatinegara Timur,2011,JPO Eksisting (Tangga-Ramp-Tangga),-6.2213932,106.8657802
Koridor 11,11,Pulogebang - Kampung Melayu,Kampung Melayu,Terminal Kp Melayu,2011,Pelican,-6.2247422,106.8661879
Koridor 12,12,Pluit - Tanjung Priok,PLUIT LANDMARK,JL.PLUIT RAYA,2012,JPO BAJA / PEMBANGUNAN BARU ( RAMP SEMUA ),-6.1252174,106.7975244
Koridor 12,12,Pluit - Tanjung Priok,PAKIN,JL.PLUIT RAYA,2012,JPO BAJA / PEMBANGUNAN BARU ( RAMP SEMUA ),-6.1277947,106.8024613
Koridor 12,12,Pluit - Tanjung Priok,GEDONG PANJANG,JL.GEDONG PANJANG,2012,JPO BAJA / PEMBANGUNAN BARU ( RAMP SEMUA ),-6.1326047,106.8037613
Koridor 12,12,Pluit - Tanjung Priok,MUSEUM FATAHILLAH,JL.KOPI,2012,PELICAN,-6.1338647,106.8099413
Koridor 12,12,Pluit - Tanjung Priok,PANGERAN JAYAKARTA,JL.MANGGA DUA,2012,JPO BAJA / PEMBANGUNAN BARU ( RAMP SEMUA ),-6.1375949,106.8157016
Koridor 12,12,Pluit - Tanjung Priok,MANGGA DUA,JL.MANGGA DUA,2012,JPO BAJA / EKSISTING ( TANGGA SEMUA ),-6.13616,106.8237713
Koridor 12,12,Pluit - Tanjung Priok,KALIBESAR BARAT,JL.KALIBESAR BARAT,2012,PELICAN,-6.1353047,106.8092813
Koridor 12,12,Pluit - Tanjung Priok,PEKOJAN,JL.BANDENGAN,2012,JPO BAJA / EKSISTING ( TANGGA SEMUA ),-6.1352779,106.8027152
Koridor 12,12,Pluit - Tanjung Priok,KEMAYORAN LANDASAN PACU TIMUR,JL.SUNTER BARAT,2012,JPO BAJA / PEMBANGUNAN BARU ( RAMP SEMUA ),-6.1521628,106.8520117
Koridor 12,12,Pluit - Tanjung Priok,DANAU SUNTER BARAT,JL.SUNTER,2012,JPO BAJA / PEMBANGUNAN BARU ( RAMP SEMUA ),-6.1450268,106.8576234
Koridor 12,12,Pluit - Tanjung Priok,SUNTER SMP 140,JL.SUNTER,2012,JPO BAJA / PEMBANGUNAN BARU ( RAMP SEMUA ),-6.1397547,106.8569913
Koridor 12,12,Pluit - Tanjung Priok,SUNTER KARYA,JL.SUNTER,2012,JPO BAJA / EKSISTING ( TANGGA SEMUA ),-6.1388444,106.8643758
Koridor 12,12,Pluit - Tanjung Priok,SUNTER BOULEVARD BARAT,JL.YOS SUDARSO,2012,JPO BAJA / PEMBANGUNAN BARU ( RAMP SEMUA ),-6.1495708,106.886391
Koridor 13,13,Ciledug - Tendean,CILEDUG,,2017,,-6.2317944,106.7348432
Koridor 13,13,Ciledug - Tendean,PURI BETA 2,,2017,,-6.2317944,106.7348432
Koridor 13,13,Ciledug - Tendean,PURI BETA 1,,2017,,-6.2317944,106.7348432
Koridor 13,13,Ciledug - Tendean,ADAM MALIK,,2017,,-6.2317944,106.7348432
Koridor 13,13,Ciledug - Tendean,JORR,,2017,,-6.2317944,106.7348432
Koridor 13,13,Ciledug - Tendean,SWADARMA,,2017,,-6.2372738,106.748485
Koridor 13,13,Ciledug - Tendean,CIPULIR,,2017,,-6.2372738,106.748485
Koridor 13,13,Ciledug - Tendean,SESKOAL,,2017,,-6.2372738,106.748485
Koridor 13,13,Ciledug - Tendean,KEBAYORAN LAMA,,2017,,-6.2372738,106.748485
Koridor 13,13,Ciledug - Tendean,VELBAK,,2017,,-6.2396965,106.7826486
Koridor 13,13,Ciledug - Tendean,MAYESTIK,,2017,,-6.2416823,106.7884005
Koridor 13,13,Ciledug - Tendean,TIRTAYASA,,2017,,-6.2400627,106.8058483
Koridor 13,13,Ciledug - Tendean,RAWA BARAT,,2017,,-6.239604,106.8131332
Koridor 13,13,Ciledug - Tendean,TENDEAN,,2017,,-6.2401927,106.8285734